predictor,instructions,tracename,IPC,Branch_Prediction_Accuracy,MPKI,ROB_Occ_at_Mispredict,BRANCH_DIRECT_JUMP,BRANCH_INDIRECT,BRANCH_CONDITIONAL,BRANCH_DIRECT_CALL,BRANCH_INDIRECT_CALL,BRANCH_RETURN
hashed_perceptron,30,cadical-med-30K-1463B,2.84445,91.9025,12.2332,61.3252,291514.0,0.0,4226913.0,6892.0,0.0,6892.0
hashed_perceptron,30,cadical-med-30K-831B,2.8938,91.8444,12.3471,60.8688,308041.0,0.0,4217864.0,7947.0,0.0,7947.0
hashed_perceptron,30,cadical-med-30K-1246B,2.83888,91.8786,12.3629,62.2587,289665.0,0.0,4266048.0,5545.0,0.0,5545.0
hashed_perceptron,30,kissat-mab-hywalk-low-30K-299B,2.75901,94.4396,8.31697,62.0551,700866.0,0.0,3649488.0,68462.0,0.0,68462.0
hashed_perceptron,30,cadical-med-30K-109B,2.92377,93.5762,9.4818,77.7613,312551.0,0.0,4076729.0,19428.0,0.0,19428.0
hashed_perceptron,30,cadical-med-30K-137B,3.27588,97.2639,6.4041,42.4887,691968.0,0.0,6265651.0,32101.0,0.0,32102.0
hashed_perceptron,30,cadical-low-60K-1186B,2.91692,95.9367,6.6842,92.6098,165457.0,0.0,4730804.0,19370.0,0.0,19368.0
hashed_perceptron,30,cadical-med-30K-267B,2.90112,92.069,11.9119,62.4047,320704.0,0.0,4167082.0,9038.0,0.0,9031.0
